Vctrl,freq
0.2,20204.449305232716
0.4,20204.449305232716
0.6,213649.3219321948
0.8,19999.840001236134
1.0,34728.37203802782
1.2,19999.840001236134
1.4,19999.840001236134
1.6,19999.840001236134
