Vctrl,freq
0.4,19999.800001956126
0.6,19999.800001956126
0.8,19999.800001956126
1.0,62631.918478157575
1.2,35158.40619905309
1.4,39996.80025589182
1.6,19999.800001956126
